<manifest alg="2" build="2018.1.0.386" opt="true" iceEnabled="true" iceMarkupVersion="2" iceEnabledOptions="link,responsive,cachebuster,textStyling" exportTarget="other" domain="www.livetribe.co.za" resolutions="1x" timestamp="1533662184857">
  <folder name="css">
    <file name="site_global.css" crc="4090603881"/>
    <file name="master_a-master.css" crc="6392008" ref="index:contact-us:event-staffing:models:the-story:the-tribe:creative-entertainment"/>
    <file name="index.css" crc="204125416" ref="index"/>
    <file name="contact-us.css" crc="182530541" ref="contact-us"/>
    <file name="event-staffing.css" crc="4260756526" ref="event-staffing"/>
    <file name="models.css" crc="3831527089" ref="models"/>
    <file name="the-story.css" crc="403639045" ref="the-story"/>
    <file name="the-tribe.css" crc="173629659" ref="the-tribe"/>
    <file name="creative-entertainment.css" crc="3817517425" ref="creative-entertainment"/>
  </folder>
  <folder name="assets">
    <file name="livetribe-application-form.pdf" crc="284669667" seo="true" mt="1424908565000"/>
  </folder>
  <folder name="scripts">
    <file name="jquery-1.8.3.min.js" crc="209076791" ref="index:the-story:event-staffing:creative-entertainment:the-tribe:models:contact-us"/>
    <file name="museutils.js" crc="340535759" ref="index:the-story:event-staffing:creative-entertainment:the-tribe:models:contact-us"/>
    <file name="whatinput.js" crc="86476730" ref="index:the-story:event-staffing:creative-entertainment:the-tribe:models:contact-us"/>
    <file name="museconfig.js" crc="310584261" ref="index:the-story:event-staffing:creative-entertainment:the-tribe:models:contact-us"/>
    <file name="jquery.watch.js" crc="51536988" ref="index:the-story:event-staffing:creative-entertainment:the-tribe:models:contact-us"/>
    <file name="webpro.js" crc="4059564322" ref="index:the-story:event-staffing:creative-entertainment:the-tribe:models:contact-us"/>
    <file name="musewpslideshow.js" crc="3862962738" ref="index:the-story:event-staffing:creative-entertainment:the-tribe:models:contact-us"/>
    <file name="jquery.museoverlay.js" crc="4147669564" ref="index:the-story:event-staffing:creative-entertainment:the-tribe:models:contact-us"/>
    <file name="touchswipe.js" crc="4075097462" ref="index:the-story:event-staffing:creative-entertainment:the-tribe:models:contact-us"/>
    <file name="jquery.musemenu.js" crc="510910590" ref="index:the-story:event-staffing:creative-entertainment:the-tribe:models:contact-us"/>
    <file name="jquery.musepolyfill.bgsize.js" crc="4260645839" ref="index"/>
    <file name="jquery.scrolleffects.js" crc="39568856" ref="index:event-staffing:creative-entertainment"/>
    <file name="html5shiv.js" crc="4241844378" ref="index:the-story:event-staffing:creative-entertainment:the-tribe:models:contact-us"/>
    <file name="require.js" crc="7928878" ref="index:the-story:event-staffing:creative-entertainment:the-tribe:models:contact-us"/>
    <file name="form_check.php" crc="4020933626" ref="contact-us"/>
    <file name="form_throttle.php" crc="4259590256" ref="contact-us"/>
    <file name="form_process.php" crc="37464564" ref="contact-us"/>
    <file name="form-u2504.php" crc="4265117475" ref="contact-us"/>
  </folder>
  <folder name="images">
    <file name="favicon.ico" crc="4086634530" ref="index"/>
    <file name="ciroc-girls.jpg" crc="432629239" seo="true" ref="index">
      <caption webpage="index" alt=""/>
    </file>
    <file name="untitled-1.png" crc="3973986612" ref="index">
      <caption webpage="index" alt=""/>
    </file>
    <file name="website pictures (6) bw-crop-u763.png" crc="4200025842" seo="true" ref="index">
      <caption webpage="index" alt=""/>
    </file>
    <file name="registration staff.png" crc="484790213" ref="index">
      <caption webpage="index" alt=""/>
    </file>
    <file name="black berry copy-crop-u781.png" crc="456601150" seo="true" ref="index">
      <caption webpage="index" alt=""/>
    </file>
    <file name="exhibition events.png" crc="40694408" ref="index">
      <caption webpage="index" alt=""/>
    </file>
    <file name="playboy5-crop-u704.png" crc="3957507289" seo="true" ref="index">
      <caption webpage="index" alt=""/>
    </file>
    <file name="activations.png" crc="394985444" ref="index">
      <caption webpage="index" alt=""/>
    </file>
    <file name="jaykarizma.jpg" crc="283543221" seo="true" ref="index:creative-entertainment">
      <caption webpage="index" alt=""/>
      <caption webpage="creative-entertainment" alt=""/>
    </file>
    <file name="music artists.png" crc="300465181" ref="index">
      <caption webpage="index" alt=""/>
    </file>
    <file name="sarah jane t2.jpg" crc="4266967181" seo="true" ref="index">
      <caption webpage="index" alt=""/>
    </file>
    <file name="models.png" crc="120965669" ref="index">
      <caption webpage="index" alt=""/>
    </file>
    <file name="dancers cirque mother africa (2)-1 copy-crop-u2739.png" crc="170534223" seo="true" ref="index">
      <caption webpage="index" alt=""/>
    </file>
    <file name="dancers.png" crc="293868247" ref="index">
      <caption webpage="index" alt=""/>
    </file>
    <file name="channel o 22-crop-u787.png" crc="102777998" seo="true" ref="index">
      <caption webpage="index" alt=""/>
    </file>
    <file name="hostessing.png" crc="380800972" ref="index">
      <caption webpage="index" alt=""/>
    </file>
    <file name="backstage runners-crop-u2615.png" crc="258377684" seo="true" ref="index">
      <caption webpage="index" alt=""/>
    </file>
    <file name="back room staff.png" crc="506564492" ref="index">
      <caption webpage="index" alt=""/>
    </file>
    <file name="nedbank2-crop-u793.png" crc="224568552" seo="true" ref="index">
      <caption webpage="index" alt=""/>
    </file>
    <file name="golf day.png" crc="4204320231" ref="index">
      <caption webpage="index" alt=""/>
    </file>
    <file name="top-image-crop-u2659.png" crc="3883231068" seo="true" ref="index">
      <caption webpage="index" alt=""/>
    </file>
    <file name="creative media.png" crc="3968035252" ref="index">
      <caption webpage="index" alt=""/>
    </file>
    <file name="logo2.png" crc="16197938" seo="true" ref="index:the-story:event-staffing:creative-entertainment:the-tribe:models:contact-us">
      <caption webpage="the-story" alt=""/>
      <caption webpage="the-tribe" alt=""/>
      <caption webpage="contact-us" alt=""/>
      <caption webpage="index" alt=""/>
      <caption webpage="creative-entertainment" alt=""/>
      <caption webpage="models" alt=""/>
      <caption webpage="event-staffing" alt=""/>
    </file>
    <file name="doors.jpg" crc="4210737092" ref="index">
      <caption webpage="index" alt=""/>
    </file>
    <file name="doors2.jpg" crc="4166385330" ref="index">
      <caption webpage="index" alt=""/>
    </file>
    <file name="twitter.png" crc="4271871692" ref="index">
      <caption webpage="index" alt=""/>
    </file>
    <file name="twitter-layer 0.png" crc="3838138667" ref="index">
      <caption webpage="index" alt=""/>
    </file>
    <file name="facebook.png" crc="437006279" ref="index">
      <caption webpage="index" alt=""/>
    </file>
    <file name="facebook-layer 0.png" crc="521453491" ref="index">
      <caption webpage="index" alt=""/>
    </file>
    <file name="2-crop-u1046.png" crc="4003241640" seo="true" ref="the-story">
      <caption webpage="the-story" alt=""/>
    </file>
    <file name="3-crop-u1052.png" crc="138386880" seo="true" ref="the-story">
      <caption webpage="the-story" alt=""/>
    </file>
    <file name="the-story-crop-u1072.png" crc="4011326953" seo="true" ref="the-story">
      <caption webpage="the-story" alt=""/>
    </file>
    <file name="newspaper fullness.jpg" crc="3873203350" seo="true" ref="the-story">
      <caption webpage="the-story" alt=""/>
    </file>
    <file name="speaker-grille-texture3.jpg" crc="158486346" ref="the-story">
      <caption webpage="the-story" alt=""/>
    </file>
    <file name="crosshatch.png" crc="328590589" ref="event-staffing:creative-entertainment:the-tribe:models:contact-us">
      <caption webpage="creative-entertainment" alt=""/>
      <caption webpage="the-tribe" alt=""/>
      <caption webpage="models" alt=""/>
      <caption webpage="models" alt=""/>
      <caption webpage="contact-us" alt=""/>
      <caption webpage="event-staffing" alt=""/>
    </file>
    <file name="pasted-svg-594.svg" crc="235654445" seo="true" ref="event-staffing:creative-entertainment:the-tribe">
      <caption webpage="creative-entertainment" alt=""/>
      <caption webpage="creative-entertainment" alt=""/>
      <caption webpage="the-tribe" alt=""/>
      <caption webpage="the-tribe" alt=""/>
      <caption webpage="the-tribe" alt=""/>
      <caption webpage="event-staffing" alt=""/>
    </file>
    <file name="10603458_1489702291274444_265985806845173897_n.jpg" crc="215572745" seo="true" ref="event-staffing">
      <caption webpage="event-staffing" alt=""/>
    </file>
    <file name="blank.gif" crc="4208392903" ref="event-staffing:creative-entertainment:the-tribe:models:contact-us"/>
    <file name="loading.gif" crc="3815509949" ref="event-staffing:creative-entertainment:the-tribe:models:contact-us"/>
    <file name="pasted-svg-21563x97.svg" crc="89169437" seo="true" ref="event-staffing:creative-entertainment">
      <caption webpage="creative-entertainment" alt=""/>
      <caption webpage="event-staffing" alt=""/>
    </file>
    <file name="back room-crop-u1355.png" crc="3837605383" seo="true" ref="event-staffing">
      <caption webpage="event-staffing" alt=""/>
    </file>
    <file name="rugby.jpg" crc="522920681" seo="true" ref="event-staffing">
      <caption webpage="event-staffing" alt=""/>
    </file>
    <file name="nandos.jpg" crc="3987248153" seo="true" ref="event-staffing">
      <caption webpage="event-staffing" alt=""/>
    </file>
    <file name="live tribe pics.jpg" crc="3798133946" seo="true" ref="event-staffing">
      <caption webpage="event-staffing" alt=""/>
    </file>
    <file name="img_1227.jpg" crc="425364782" seo="true" ref="event-staffing">
      <caption webpage="event-staffing" alt=""/>
    </file>
    <file name="absolute.jpg" crc="45939060" seo="true" ref="event-staffing">
      <caption webpage="event-staffing" alt=""/>
    </file>
    <file name="stan-crop-u1323.png" crc="3914410766" seo="true" ref="event-staffing">
      <caption webpage="event-staffing" alt=""/>
    </file>
    <file name="website pictures (6)-crop-u1349.png" crc="80623387" seo="true" ref="event-staffing">
      <caption webpage="event-staffing" alt=""/>
    </file>
    <file name="models.jpg" crc="403132479" seo="true" ref="event-staffing">
      <caption webpage="event-staffing" alt=""/>
    </file>
    <file name="top-image.jpg" crc="4092920645" seo="true" ref="creative-entertainment">
      <caption webpage="creative-entertainment" alt=""/>
    </file>
    <file name="pasted-svg-378.svg" crc="4277814352" seo="true" ref="creative-entertainment:models">
      <caption webpage="models" alt=""/>
      <caption webpage="models" alt=""/>
      <caption webpage="models" alt=""/>
      <caption webpage="models" alt=""/>
      <caption webpage="models" alt=""/>
      <caption webpage="models" alt=""/>
      <caption webpage="models" alt=""/>
      <caption webpage="models" alt=""/>
      <caption webpage="models" alt=""/>
      <caption webpage="models" alt=""/>
      <caption webpage="models" alt=""/>
      <caption webpage="models" alt=""/>
      <caption webpage="models" alt=""/>
      <caption webpage="models" alt=""/>
      <caption webpage="creative-entertainment" alt=""/>
      <caption webpage="creative-entertainment" alt=""/>
      <caption webpage="creative-entertainment" alt=""/>
      <caption webpage="creative-entertainment" alt=""/>
      <caption webpage="creative-entertainment" alt=""/>
      <caption webpage="creative-entertainment" alt=""/>
      <caption webpage="creative-entertainment" alt=""/>
      <caption webpage="creative-entertainment" alt=""/>
      <caption webpage="creative-entertainment" alt=""/>
      <caption webpage="creative-entertainment" alt=""/>
    </file>
    <file name="models2.jpg" crc="221169039" seo="true" ref="creative-entertainment">
      <caption webpage="creative-entertainment" alt=""/>
    </file>
    <file name="pen-and-paper-writing-9349790-2048-1536.jpg" crc="122705431" seo="true" ref="creative-entertainment">
      <caption webpage="creative-entertainment" alt=""/>
    </file>
    <file name="cd-cases-large.jpg" crc="4184297108" seo="true" ref="creative-entertainment">
      <caption webpage="creative-entertainment" alt=""/>
    </file>
    <file name="imac_mare-1.jpg" crc="255008433" seo="true" ref="creative-entertainment">
      <caption webpage="creative-entertainment" alt=""/>
    </file>
    <file name="the tribe.jpg" crc="3989003012" seo="true" ref="the-tribe">
      <caption webpage="the-tribe" alt=""/>
    </file>
    <file name="1.jpg" crc="418411295" seo="true" ref="the-tribe">
      <caption webpage="the-tribe" alt=""/>
    </file>
    <file name="12.jpg" crc="4112734604" seo="true" ref="the-tribe">
      <caption webpage="the-tribe" alt=""/>
    </file>
    <file name="13.jpg" crc="4233640651" seo="true" ref="the-tribe">
      <caption webpage="the-tribe" alt=""/>
    </file>
    <file name="14.jpg" crc="378433366" seo="true" ref="the-tribe">
      <caption webpage="the-tribe" alt=""/>
    </file>
    <file name="15.jpg" crc="133758347" seo="true" ref="the-tribe">
      <caption webpage="the-tribe" alt=""/>
    </file>
    <file name="16.jpg" crc="3835084537" seo="true" ref="the-tribe">
      <caption webpage="the-tribe" alt=""/>
    </file>
    <file name="17.jpg" crc="3875863666" seo="true" ref="the-tribe">
      <caption webpage="the-tribe" alt=""/>
    </file>
    <file name="18.jpg" crc="3779829468" seo="true" ref="the-tribe">
      <caption webpage="the-tribe" alt=""/>
    </file>
    <file name="19.jpg" crc="177784443" seo="true" ref="the-tribe">
      <caption webpage="the-tribe" alt=""/>
    </file>
    <file name="110.jpg" crc="164802927" seo="true" ref="the-tribe">
      <caption webpage="the-tribe" alt=""/>
    </file>
    <file name="livetribe logo_2.png" crc="4224410304" seo="true" ref="the-tribe">
      <caption webpage="the-tribe" alt=""/>
    </file>
    <file name="bg.jpg" crc="19861986" seo="true" ref="models">
      <caption webpage="models" alt=""/>
    </file>
    <file name="khanya n-crop-u2047.png" crc="444629709" seo="true" ref="models">
      <caption webpage="models" alt=""/>
    </file>
    <file name="kimberley-crop-u2060.png" crc="532090049" seo="true" ref="models">
      <caption webpage="models" alt=""/>
    </file>
    <file name="naomi 3-crop-u2070.png" crc="4061179537" seo="true" ref="models">
      <caption webpage="models" alt=""/>
    </file>
    <file name="sarah jane t-crop-u2099.png" crc="138518878" seo="true" ref="models">
      <caption webpage="models" alt=""/>
    </file>
    <file name="shandra-crop-u2119.png" crc="310815957" seo="true" ref="models">
      <caption webpage="models" alt=""/>
    </file>
    <file name="sonja-crop-u2140.png" crc="4116797807" seo="true" ref="models">
      <caption webpage="models" alt=""/>
    </file>
    <file name="tanielle-crop-u2160.png" crc="4192345273" seo="true" ref="models">
      <caption webpage="models" alt=""/>
    </file>
    <file name="khanya n.jpg" crc="4239292822" seo="true" ref="models">
      <caption webpage="models" alt=""/>
    </file>
    <file name="kimberley-crop-u2067.png" crc="4292507157" seo="true" ref="models">
      <caption webpage="models" alt=""/>
    </file>
    <file name="naomi 3.jpg" crc="85942348" seo="true" ref="models">
      <caption webpage="models" alt=""/>
    </file>
    <file name="sarah jane t.jpg" crc="4000387446" seo="true" ref="models">
      <caption webpage="models" alt=""/>
    </file>
    <file name="shandra.jpg" crc="431614263" seo="true" ref="models">
      <caption webpage="models" alt=""/>
    </file>
    <file name="sonja.jpg" crc="4184894204" seo="true" ref="models">
      <caption webpage="models" alt=""/>
    </file>
    <file name="tanielle.jpg" crc="4136811507" seo="true" ref="models">
      <caption webpage="models" alt=""/>
    </file>
    <file name="mac m-crop-u2318.png" crc="522357817" seo="true" ref="models">
      <caption webpage="models" alt=""/>
    </file>
    <file name="shamiel h 4203x204.png" crc="4056721541" seo="true" ref="models">
      <caption webpage="models" alt=""/>
    </file>
    <file name="vuyo-crop-u2342.png" crc="4139555780" seo="true" ref="models">
      <caption webpage="models" alt=""/>
    </file>
    <file name="mac m.jpg" crc="268764507" seo="true" ref="models">
      <caption webpage="models" alt=""/>
    </file>
    <file name="shamiel h 4.png" crc="3882184770" seo="true" ref="models">
      <caption webpage="models" alt=""/>
    </file>
    <file name="vuyo.jpg" crc="280454037" seo="true" ref="models">
      <caption webpage="models" alt=""/>
    </file>
    <file name="tely.png" crc="73757480" seo="true" ref="contact-us">
      <caption webpage="contact-us" alt=""/>
    </file>
  </folder>
  <file name="index.html" crc="4085315429" seo="true" mt="1456949301192" redirect="true"/>
  <file name="the-story.html" crc="488409941" seo="true" mt="1424977290662" redirect="true"/>
  <file name="event-staffing.html" crc="128314734" seo="true" mt="1533661962830" redirect="true"/>
  <file name="creative-entertainment.html" crc="39479171" seo="true" mt="1533661962947" redirect="true"/>
  <file name="the-tribe.html" crc="84026141" seo="true" mt="1533661962867" redirect="true"/>
  <file name="models.html" crc="55983059" seo="true" mt="1533661963077" redirect="true"/>
  <file name="contact-us.html" crc="389895164" seo="true" mt="1424986485851" redirect="true"/>
</manifest>